ZL101;Резульат 101;01.10.2023;1
ZL102;Резульат 102;01.10.2023;1
ZL103;Резульат 103;01.10.2023;1
ZL104;Резульат 104;01.10.2023;1
ZL105;Резульат 105;01.10.2023;1
ZL106;Резульат 106;01.10.2023;1
ZL107;Резульат 107;01.10.2023;1
ZL108;Резульат 108;01.10.2023;1
ZL109;Резульат 109;01.10.2023;1
ZL110;Резульат 110;01.10.2023;1
ZL111;Резульат 111;01.10.2023;1
ZL112;Резульат 112;01.10.2023;1
ZL113;Резульат 113;01.10.2023;1
ZL114;Резульат 114;01.10.2023;1
ZL115;Резульат 115;01.10.2023;1
ZL116;Резульат 116;01.10.2023;1
ZL117;Резульат 117;01.10.2023;1
ZL118;Резульат 118;01.10.2023;1
ZL119;Резульат 119;01.10.2023;1
ZL120;Резульат 120;01.10.2023;1
ZL121;Резульат 121;01.10.2023;1
ZL122;Резульат 122;01.10.2023;1
ZL123;Резульат 123;01.10.2023;1
ZL124;Резульат 124;01.10.2023;1
ZL125;Резульат 125;01.10.2023;1
